backdrop_path,belongs_to_collection,genres,id,origin_country,original_language,overview,popularity,poster_path,production_companies,production_countries,release_date,runtime,spoken_languages,tagline,title,vote_average,vote_count,cast,cast_size,director,crew_size,budget_musd,revenue_musd
/7RyHsO4yDXtBv1zUU3mTpHeQ0d5.jpg,The Avengers Collection,Adventure|Science Fiction|Action,299534,['US'],en,"After the devastating events of Avengers: Infinity War, the universe is in ruins due to the efforts of the Mad Titan, Thanos. With the help of remaining allies, the Avengers must assemble once more in order to undo Thanos' actions and restore order to the universe once and for all, no matter what consequences may be in store.",18.7391,/ulzhLuWrPK07P1YkdWQLZnQh1JL.jpg,Marvel Studios,United States of America,2019-04-24,181.0,English|日本語|,Avenge the fallen.,Avengers: Endgame,8.235,27374,Robert Downey Jr.|Chris Evans|Mark Ruffalo|Chris Hemsworth|Scarlett Johansson|Jeremy Renner|Josh Brolin|Don Cheadle|Paul Rudd|Benedict Cumberbatch,104,Anthony Russo,610,356.0,2799.4391
/vL5LR6WdxWPjLPFRLe133jXWsh5.jpg,Avatar Collection,Action|Adventure|Science Fiction,19995,['US'],en,"In the 22nd century, a paraplegic Marine is dispatched to the moon Pandora on a unique mission, but becomes torn between following orders and protecting an alien civilization.",28.427,/gKY6q7SjCkAU6FqvqWybDYgUKIF.jpg,Dune Entertainment|Lightstorm Entertainment|20th Century Fox|Ingenious Film Partners,United States of America|United Kingdom,2009-12-16,162.0,English|Español,Enter the world of Pandora.,Avatar,7.6,33622,Sam Worthington|Zoe Saldaña|Sigourney Weaver|Stephen Lang|Michelle Rodriguez|Giovanni Ribisi|Joel David Moore|CCH Pounder|Wes Studi|Laz Alonso,67,James Cameron,996,237.0,2923.706026
/8BTsTfln4jlQrLXUBquXJ0ASQy9.jpg,Star Wars Collection,Adventure|Action|Science Fiction,140607,['US'],en,"Thirty years after defeating the Galactic Empire, Han Solo and his allies face a new threat from the evil Kylo Ren and his army of Stormtroopers.",11.6195,/wqnLdwVXoBjKibFRR5U3y0aDUhs.jpg,Lucasfilm Ltd.|Bad Robot,United States of America,2015-12-15,136.0,English,Every generation has a story.,Star Wars: The Force Awakens,7.25,20353,Daisy Ridley|John Boyega|Oscar Isaac|Adam Driver|Carrie Fisher|Harrison Ford|Mark Hamill|Lupita Nyong'o|Andy Serkis|Domhnall Gleeson,99,J.J. Abrams,265,245.0,2068.223624
/mDfJG3LC3Dqb67AZ52x3Z0jU0uB.jpg,The Avengers Collection,Adventure|Action|Science Fiction,299536,['US'],en,"As the Avengers and their allies have continued to protect the world from threats too large for any one hero to handle, a new danger has emerged from the cosmic shadows: Thanos. A despot of intergalactic infamy, his goal is to collect all six Infinity Stones, artifacts of unimaginable power, and use them to inflict his twisted will on all of reality. Everything the Avengers have fought for has led up to this moment - the fate of Earth and existence itself has never been more uncertain.",34.5686,/7WsyChQLEftFiDOVTGkv3hFpyyt.jpg,Marvel Studios,United States of America,2018-04-25,149.0,English|,Destiny arrives all the same.,Avengers: Infinity War,8.234,31613,Robert Downey Jr.|Chris Evans|Chris Hemsworth|Josh Brolin|Mark Ruffalo|Scarlett Johansson|Don Cheadle|Benedict Cumberbatch|Tom Holland|Chadwick Boseman,69,Joe Russo,738,300.0,2052.415039
/qBChUbS8ksbJoPTfZpogsnxG5tY.jpg,,Drama|Romance,597,['US'],en,"101-year-old Rose DeWitt Bukater tells the story of her life aboard the Titanic, 84 years later. A young Rose boards the ship with her mother and fiancé. Meanwhile, Jack Dawson and Fabrizio De Rossi win third-class tickets aboard the ship. Rose tells the whole story from Titanic's departure through to its death—on its first and last voyage—on April 15, 1912.",27.4398,/9xjZS2rlVxm8SFx8kPC3aIGCOYQ.jpg,Paramount Pictures|20th Century Fox|Lightstorm Entertainment,United States of America,1997-12-18,194.0,English|Français|Deutsch|svenska|Italiano|Pусский,Nothing on earth could come between them.,Titanic,7.903,26892,Leonardo DiCaprio|Kate Winslet|Billy Zane|Kathy Bates|Frances Fisher|Gloria Stuart|Bill Paxton|Bernard Hill|David Warner|Victor Garber,116,James Cameron,264,200.0,2264.162353
/s5QfDFqRO6sjgPtKkjxD0WqXQef.jpg,Jurassic Park Collection,Action|Adventure|Science Fiction|Thriller,135397,['US'],en,"Twenty-two years after the events of Jurassic Park, Isla Nublar now features a fully functioning dinosaur theme park, Jurassic World, as originally envisioned by John Hammond.",11.5858,/rhr4y79GpxQF9IsfJItRXVaoGs4.jpg,Amblin Entertainment|Universal Pictures|Legendary Pictures,United States of America,2015-06-06,124.0,English,The park is open.,Jurassic World,6.699,21395,Chris Pratt|Bryce Dallas Howard|Irrfan Khan|Vincent D'Onofrio|Ty Simpkins|Nick Robinson|Jake Johnson|Omar Sy|BD Wong|Judy Greer,53,Colin Trevorrow,428,150.0,1671.537444
/1TUg5pO1VZ4B0Q1amk3OlXvlpXV.jpg,The Lion King (Reboot) Collection,Adventure|Drama|Family|Animation,420818,['US'],en,"Simba idolizes his father, King Mufasa, and takes to heart his own royal destiny. But not everyone in the kingdom celebrates the new cub's arrival. Scar, Mufasa's brother—and former heir to the throne—has plans of his own. The battle for Pride Rock is ravaged with betrayal, tragedy and drama, ultimately resulting in Simba's exile. With help from a curious pair of newfound friends, Simba will have to figure out how to grow up and take back what is rightfully his.",9.9665,/dzBtMocZuJbjLOXvrl4zGYigDzh.jpg,Walt Disney Pictures|Fairview Entertainment,United States of America,2019-07-12,118.0,English,The king has returned.,The Lion King,7.097,10669,Chiwetel Ejiofor|John Oliver|Donald Glover|James Earl Jones|John Kani|Alfre Woodard|Beyoncé|JD McCrary|Shahadi Wright Joseph|Penny Johnson Jerald,20,Jon Favreau,52,260.0,1662.020819
/9BBTo63ANSmhC4e6r62OJFuK2GL.jpg,The Avengers Collection,Science Fiction|Action|Adventure,24428,['US'],en,"When an unexpected enemy emerges and threatens global safety and security, Nick Fury, director of the international peacekeeping agency known as S.H.I.E.L.D., finds himself in need of a team to pull the world back from the brink of disaster. Spanning the globe, a daring recruitment effort begins!",47.2611,/RYMX2wcKCBAr24UyPD7xwmjaTn.jpg,Marvel Studios,United States of America,2012-04-25,143.0,English|हिन्दी|Pусский,Some assembly required.,The Avengers,7.968,36517,Robert Downey Jr.|Chris Evans|Mark Ruffalo|Chris Hemsworth|Scarlett Johansson|Jeremy Renner|Tom Hiddleston|Clark Gregg|Cobie Smulders|Stellan Skarsgård,112,Joss Whedon,642,220.0,1518.815515
/ehzI1mVcnHqB58NqPyQwpMqcVoz.jpg,The Fast and the Furious Collection,Action|Crime|Thriller,168259,['US'],en,Deckard Shaw seeks revenge against Dominic Toretto and his family for his comatose brother.,10.2536,/ktofZ9Htrjiy0P6LEowsDaxd3Ri.jpg,Original Film|One Race|Universal Pictures,United States of America,2015-04-01,139.0,العربية|English|Español|ภาษาไทย,Vengeance hits home.,Furious 7,7.219,11183,Vin Diesel|Paul Walker|Dwayne Johnson|Michelle Rodriguez|Tyrese Gibson|Ludacris|Jordana Brewster|Jason Statham|Kurt Russell|Nathalie Emmanuel,49,James Wan,230,190.0,1515.4
/kIBK5SKwgqIIuRKhhWrJn3XkbPq.jpg,The Avengers Collection,Action|Adventure|Science Fiction,99861,['US'],en,"When Tony Stark tries to jumpstart a dormant peacekeeping program, things go awry and Earth’s Mightiest Heroes are put to the ultimate test as the fate of the planet hangs in the balance. As the villainous Ultron emerges, it is up to The Avengers to stop him from enacting his terrible plans, and soon uneasy alliances and unexpected action pave the way for an epic and unique global adventure.",16.9065,/4ssDuvEDkSArWEdyBl2X5EHvYKU.jpg,Marvel Studios,United States of America,2015-04-22,141.0,English,A new age has come.,Avengers: Age of Ultron,7.27,24196,Robert Downey Jr.|Chris Hemsworth|Mark Ruffalo|Chris Evans|Scarlett Johansson|Jeremy Renner|James Spader|Samuel L. Jackson|Don Cheadle|Aaron Taylor-Johnson,74,Joss Whedon,655,235.0,1405.403694
/19Ed4XgjahPm4U8JT7SnntERIlt.jpg,Black Panther Collection,Action|Adventure|Science Fiction,284054,['US'],en,"King T'Challa returns home to the reclusive, technologically advanced African nation of Wakanda to serve as his country's new leader. However, T'Challa soon finds that he is challenged for the throne by factions within his own country as well as without. Using powers reserved to Wakandan kings, T'Challa assumes the Black Panther mantle to join with ex-girlfriend Nakia, the queen-mother, his princess-kid sister, members of the Dora Milaje (the Wakandan 'special forces') and an American secret agent, to prevent Wakanda from being dragged into a world war.",15.0837,/uxzzxijgPIY7slzFvMotPv8wjKA.jpg,Marvel Studios,United States of America,2018-02-13,135.0,English|한국어/조선말|Kiswahili|,Long live the king.,Black Panther,7.362,23266,Chadwick Boseman|Michael B. Jordan|Lupita Nyong'o|Danai Gurira|Martin Freeman|Daniel Kaluuya|Letitia Wright|Winston Duke|Sterling K. Brown|Angela Bassett,66,Ryan Coogler,570,200.0,1349.926083
/cbcpDn6XJaIGoOil1bKuskU8ds4.jpg,Harry Potter Collection,Adventure|Fantasy,12445,['GB'],en,"Harry, Ron and Hermione continue their quest to vanquish the evil Voldemort once and for all. Just as things begin to look hopeless for the young wizards, Harry discovers a trio of magical objects that endow him with powers to rival Voldemort's formidable skills.",14.7853,/c54HpQmuwXjHq2C9wmoACjxoom3.jpg,Warner Bros. Pictures|Heyday Films,United Kingdom|United States of America,2011-07-12,130.0,English,It all ends.,Harry Potter and the Deathly Hallows: Part 2,8.081,21772,Daniel Radcliffe|Emma Watson|Rupert Grint|Ralph Fiennes|Alan Rickman|Michael Gambon|Warwick Davis|Helena Bonham Carter|Ciarán Hinds|Matthew Lewis,105,David Yates,161,125.0,1341.511219
/bIUaCtWaRgd78SnoHJDI8TNf7Sd.jpg,Star Wars Collection,Adventure|Action|Science Fiction,181808,['US'],en,"Rey develops her newly discovered abilities with the guidance of Luke Skywalker, who is unsettled by the strength of her powers. Meanwhile, the Resistance prepares to do battle with the First Order.",20.8516,/kOVEVeg59E0wsnXmF9nrh6OmWII.jpg,Lucasfilm Ltd.,United States of America,2017-12-13,152.0,English,Let the past die.,Star Wars: The Last Jedi,6.757,16156,Mark Hamill|Carrie Fisher|Adam Driver|Daisy Ridley|John Boyega|Oscar Isaac|Andy Serkis|Lupita Nyong'o|Domhnall Gleeson|Anthony Daniels,111,Rian Johnson,199,300.0,1332.69883
/AoSZyb37ljMAxw0RdeQEBHKtgcc.jpg,Frozen Collection,Family|Animation|Adventure|Comedy|Fantasy,330457,['US'],en,"Elsa, Anna, Kristoff and Olaf head far into the forest to learn the truth about an ancient mystery of their kingdom.",9.7738,/mINJaa34MtknCYl5AjtNJzWj8cD.jpg,Walt Disney Animation Studios,United States of America,2019-11-20,103.0,English,The past is not what it seems.,Frozen II,7.234,10191,Idina Menzel|Kristen Bell|Josh Gad|Jonathan Groff|Evan Rachel Wood|Sterling K. Brown|Alfred Molina|Rachel Matthews|Jason Ritter|Martha Plimpton,64,Jennifer Lee,41,150.0,1453.683476
/6WA9stUMbIkEPxn3D5SWlA8FIi7.jpg,Jurassic Park Collection,Action|Adventure|Science Fiction|Thriller,351286,['US'],en,"Three years after Jurassic World was destroyed, Isla Nublar now sits abandoned. When the island's dormant volcano begins roaring to life, Owen and Claire mount a campaign to rescue the remaining dinosaurs from this extinction-level event.",10.1682,/x2Us3jR6ToMJjbcPbLimYoxf6xr.jpg,Amblin Entertainment|Universal Pictures,United States of America,2018-06-06,129.0,English|Pусский,The park is gone.,Jurassic World: Fallen Kingdom,6.532,12617,Chris Pratt|Bryce Dallas Howard|Rafe Spall|Justice Smith|Daniella Pineda|James Cromwell|Toby Jones|Ted Levine|Jeff Goldblum|BD Wong,42,J. A. Bayona,389,170.0,1310.469037
/rj58WQ9ImI0mYDptXdM7euX1Wjt.jpg,Frozen Collection,Animation|Family|Adventure|Fantasy,109445,['US'],en,"Young princess Anna of Arendelle dreams about finding true love at her sister Elsa’s coronation. Fate takes her on a dangerous journey in an attempt to end the eternal winter that has fallen over the kingdom. She's accompanied by ice delivery man Kristoff, his reindeer Sven, and snowman Olaf. On an adventure where she will find out what friendship, courage, family, and true love really means.",19.2125,/itAKcobTYGpYT8Phwjd8c9hleTo.jpg,Walt Disney Animation Studios,United States of America,2013-11-20,102.0,English,Who will save the day? The ice guy? The nice guy? The snow man? Or no man?,Frozen,7.249,17419,Idina Menzel|Kristen Bell|Jonathan Groff|Josh Gad|Livvy Stubenrauch|Santino Fontana|Eva Bella|Alan Tudyk|Maia Wilson|Ciarán Hinds,60,Jennifer Lee,286,150.0,1274.219009
/uU1Mt4JWhDvl4vKb3AfxNsorkoM.jpg,,Family|Fantasy|Romance,321612,['US'],en,A live-action adaptation of Disney's version of the classic tale of a cursed prince and a beautiful young woman who helps him break the spell.,11.0832,/hKegSKIDep2ewJWPUQD7u0KqFIp.jpg,Walt Disney Pictures|Mandeville Films,United States of America,2017-03-16,129.0,English|Français,Be our guest.,Beauty and the Beast,6.968,15939,Emma Watson|Dan Stevens|Luke Evans|Kevin Kline|Emma Thompson|Ewan McGregor|Josh Gad|Hattie Morahan|Haydn Gwynne|Gerard Horan,139,Bill Condon,160,160.0,1266.115964
/mabuNsGJgRuCTuGqjFkWe1xdu19.jpg,The Incredibles Collection,Action|Adventure|Animation|Family,260513,['US'],en,"Elastigirl springs into action to save the day, while Mr. Incredible faces his greatest challenge yet – taking care of the problems of his three children.",10.674,/9lFKBtaVIhP7E2Pk0IY1CwTKTMZ.jpg,Pixar,United States of America,2018-06-14,118.0,English,"It's been too long, dahlings.",Incredibles 2,7.454,13558,Craig T. Nelson|Holly Hunter|Sarah Vowell|Huck Milner|Catherine Keener|Eli Fucile|Bob Odenkirk|Samuel L. Jackson|Michael Bird|Sophia Bush,84,Brad Bird,260,200.0,1243.225667
